INSERT INTO GameItem (id, name, text) VALUES (1, 'Инструменты', 'Набор инструментов включает гаечные ключи, отвертки, молоток и другие необходимые предметы.'),(2, 'Инструменты', 'Набор инструментов включает гаечные ключи, отвертки, молоток и другие необходимые предметы.'),(3, 'Инструменты', 'Набор инструментов включает гаечные ключи, отвертки, молоток и другие необходимые предметы.'),(4, 'Химикаты', 'Используются для производства еды из пластика'),(5, 'Химикаты', 'Используются для производства еды из пластика'),(6, 'Химикаты', 'Используются для производства еды из пластика'),(7, 'Химикаты', 'Используются для производства еды из пластика'),(8, 'Дневник', 'Из дневника можно понять, что каждую пятницу в 21:00 в Пром зона запускается выдув в космос пыли и прочего. Что Повар 1 и Повар 2 начинают смену на час раньше остальных и заканчивают на час позже'),(9, 'Пистолет', 'Патроны автоматически пресуются из пыли, но после выстрела формируются гильзы(для антуража). Урон +0.'),(10, 'Пистолет', 'Патроны автоматически пресуются из пыли, но после выстрела формируются гильзы(для антуража). Урон +0.'),(11, 'Батарейка', 'Держит заряд долго, но мощности достаточно не для всех устройств.'),(12, 'Батарейка', 'Держит заряд долго, но мощности достаточно не для всех устройств.'),(13, 'Обойма от плазмагана', 'Ооочень старая обойма. Теперь ее нельзя использовать в Плазмагане, без починки.'),(14, 'БП компьютера', 'Многофункциональный модуль питания последнего покаления.'),(15, 'Плазмаган', 'Старый, надежный, военный плазмаган с надписью: не прикуривать. Тяжелый. Урон +3.'),(16, 'Талон', '\nНа вторые сутки позволяет получить\nадминский доступ. Чтоб воспользоваться нужно Бюрократия\nОписание: Талон в очередь на получение админских прав с пометкой о\nпрохождении мед. комиссии, экспертной комиссии, теста на наличие интеллекта\n2 степени на имя Пьер Жук 1970 года рождения.\n'),(17, 'Лазер', 'Лазер, который старше этой станции. Очень тяжелый, носится вдвоем. Урон +6.'),(18, 'Пылесос', 'Промышленный пылесос, с функцией вдува/выдува. Можно распылять, что-то. Техника + инструменты = Огнемет(Урон +2 против жуков)'),(19, 'Молоток', 'Пневмо молоток для дробления камня. Тяжелый. Урон 4.'),(20, 'Пила', 'Пила по металлу, умная остановка при распиливании органики. Тяжелый. Урон 3/6 против Робот.'),(21, 'Проектировочный план', 'Из плана понятно, где находится гланая серверная (под душевыми).'),(22, 'Модифицированный АК-47', 'Стреляет до 3 очередями (-1 к попаданию). Урон +1.') ;
INSERT INTO Mark (id, name, description, isActivated, status) VALUES (1, 'Номер шатла', 'Знают, номер нужного шатла', 0, -1),(2, 'Реактор запущен', 'Двери открываются сразу, включается свет, может сработать система пожаротушения', 0, -1),(3, 'Админский доступ', 'Получен доступ админа', 0, -1) ;
INSERT INTO NPC (id, name, descriptionText, isDead) VALUES (1, 'Командир подразделения', 'Сержант, орет матом.', 0) ;
INSERT INTO SceneMap (id, name, filePath, isCurrent) VALUES (1, 'Аэропорт', 'airport.png', 1),(2, 'Лунная станция', 'moon_map.png', 0) ;
INSERT INTO Skills (id, name, groupName) VALUES (1, 'Text Analysis', 'Научные'),(2, 'Document Analysis', 'Технические'),(3, 'Anthropology', 'Научные'),(4, 'Astronomy', 'Технические'),(5, 'Archaeology', 'Научные'),(6, 'Ballistics', 'Технические'),(7, 'Architecture', 'Научные'),(8, 'Dactyloscopy', 'Технические'),(9, 'Auditing', 'Научные'),(10, 'Data Extraction', 'Технические'),(11, 'Natural Science', 'Научные'),(12, 'Cryptography', 'Технические'),(13, 'Language Knowledge', 'Научные'),(14, 'Pathology', 'Технические'),(15, 'Applied Physics', 'Научные'),(16, 'Demining', 'Технические'),(17, 'Art History', 'Научные'),(18, 'Evidence Collection', 'Технические'),(19, 'Research', 'Научные'),(20, 'Forensic Anthropology', 'Технические'),(21, 'History', 'Научные'),(22, 'Photography', 'Технические'),(23, 'Linguistics', 'Научные'),(24, 'Chemistry', 'Технические'),(25, 'Occult Sciences', 'Научные'),(26, 'Electronic Surveillance', 'Технические'),(27, 'Forensic Psychology', 'Научные'),(28, 'Jurisprudence', 'Научные'),(29, 'Erudition', 'Научные'),(30, 'Athletics', 'Общие'),(31, 'Driving', 'Общие'),(32, 'Bureaucracy', 'Межличностные'),(33, 'Intimidation', 'Межличностные'),(34, 'Thievery', 'Общие'),(35, 'Fighting', 'Общие'),(36, 'Interrogation', 'Межличностные'),(37, 'Health', 'Общие'),(38, 'Negotiation', 'Межличностные'),(39, 'Mechanics', 'Общие'),(40, 'Flattery', 'Межличностные'),(41, 'Encouragement', 'Общие'),(42, 'Police Jargon', 'Межличностные'),(43, 'First Aid', 'Общие'),(44, 'Pretending', 'Межличностные'),(45, 'Foresight', 'Общие'),(46, 'Insight', 'Межличностные'),(47, 'Penetration', 'Общие'),(48, 'Street Smarts', 'Межличностные'),(49, 'Composure', 'Общие'),(50, 'Calming', 'Межличностные'),(51, 'Surveillance', 'Общие'),(52, 'Flirting', 'Межличностные'),(53, 'Shooting', 'Общие') ;
INSERT INTO Location (id, name, shape, offsetX, offsetY, width, height, description, mapId) VALUES (1, 'Челнок', 0, 0, 0, 0, 0, '\nВ челноке команда прибывает на Луну...\n', 2),(2, 'Овраг', 0, 28, 28, 28, 28, '\nВзлет отсюда - проверка 4 Вождение.\nПо пути отсюда ко входу видно склад, у него\nбудка с роботом(профессионалы могут понять, что это робот для разгона\nмитингов). Инженеры могут заметить, что к котеджу ведет куча кабелей питания.\nКабели должны были лежать под землей, но их давно покрасили, чтоб пройти проверки,\nа сейчас их видно, тк краска осыпается.\n', 2),(3, 'Парковка', 0, 68, 68, 68, 68, '\nИздалека виден указатель, что она платная. Но если подойти\nпоближе, то видно, что лицензия на сбор за парковку кончилась 10 лет назад.\nАбсолютно пустая и рекламы не так много.\n', 2),(4, 'Проходная', 0, 318, 318, 318, 318, '\nЕсть будка консьержа, работает вентиляция, светильники в норме,\nно свет горит только в резервных лампах(свет тусклый). Есть камеры. В будке\nконсьержа есть телевизоры, на которых изображение с камер проходной и\nкомнаты ожидания. На стене план здания, переклеенный так, что толщина уже больше 10 см. Из него ничего не понятно. Есть окна.\n', 2),(5, 'Комната ожидания', 0, 318, 318, 318, 318, '\nОкон нет. Есть камера, нет вентиляции, куча пыли, посылки,\nкоробки и прочий мусор.\n', 2),(6, 'Кухня 1', 0, 458, 458, 458, 458, '\nЕсть окна и вентиляция. Всякая бытовая утварь. \n', 2),(7, 'Кухня 2', 0, 670, 670, 670, 670, '\nДверь запечатана(внешими конструкциями, которе явно менее\nнадежны, чем дверь) и закрыта на карантин. Вентиляция есть, окно тоже.\nТут лежат останки(кости) Повар 1, Повар 2, Рабочий, Бухгалтер 2. В холодильнике ледит\nтруп Менеджер 2. Тут же плодятся ГМО жуки, тут они и живут.\n', 2),(8, 'Коридор 1', 0, 458, 458, 458, 458, '\nВентеляции и окон нет. Гул каких-то механизмов, из-за чего\nпочти ничего не слышно.\n', 2),(9, 'Коридор 2', 0, 628, 628, 628, 628, '\nВентеляции и окон нет. Хорошо слышно, что происходит в Бараки\nи Душевые. Стены туда можно проломить.\n', 2),(10, 'Жилая часть', 0, 458, 458, 458, 458, '\nЕсть окно, камера, вентиляция. Ездит робот пылесос. Автомат с клешней,\nвнутри которого сладкая еда. Требуется скорость рекации, обычному человеку\nдостать ничего не выйдет.\n', 2),(11, 'Бараки', 0, 458, 458, 458, 458, '\nЕсть вентиляция и камера. 3 кровати в крови(Повар 1, Повар 2, Рабочий).\n', 2),(12, 'Душевые', 0, 698, 698, 698, 698, '\nТруп капитана охраны с простреленной головой и пистолетом в\nруке(Охранник 1).\n', 2),(13, 'Пром зона', 0, 848, 848, 848, 848, '\nОчень много пыли, нет вентиляции и камер. Есть конвеер с кучей\nкамней. Кровь 4+ на промышленном вентиляторе(продув все зоны) (Механика) Менеджер 1. Кровь 2- в пыли Охранник 2.\n', 2),(14, 'Охрана', 0, 848, 848, 848, 848, '\nВентиляция есть, окон нет. Погашеные мониторы(без кнопок\nвключения), видно, что к мониторам из вне идет столько же проводов сколько\nкамер(6). Компьютер охраны, который может включить мониторы, но требует\nавторизации с паролем, админский доступ поможет. Записи с камер на этот\nкомпьютер не сохранялись(все в реальном времени). Пустой ящик с оружием.\nМного крови 3+.\n', 2),(15, 'Серверная', 0, 848, 848, 848, 848, '\nЕсть вентиляция, окон нет. Кровь 1+ Техник 1. Компьютер, у\nкоторого кнопка включения заклеена бумажкой с надписью "НЕ ТРОГАТЬ,\nКТО ТРОНЕТ ТОТ ЛОХ!". Если питание не включено, то с (Механика) можно\nзапитать компьютер(он включится сам и все будет ок), но тогда навсегда запитается дверь в Реактор(а она заперта изнутри). Через этот компьютер\nадмин может включить питание всей станции. Взлом админа можно производить\nтолько здесь (проверка 4 Криптография). В компьютере не хватает БП компьютера, поэтому\nесли он запитан от реактора, то сам он не включится, а если нажать на кнопку\nвключения, то он загориться и включится пожарная сигнализация, которая\nсмоет все пятна крови.\n\nПроход в Реактор блокируется замком изнутри, но без питания от реактора\nих можно открыть силой(больше силы обычного человека) (5 Ателтика) или спец техникой(например\nЛазер).\n', 2),(16, 'Бухгалтерия', 0, 988, 988, 988, 988, '\nВентиляции и окон нет. Один истощенный труп без ран (Бухгалтер 1). При\nБюрократия. понятно, что он умер в ожидании. Куча бумаг, принтеров\nи сканеров. С первого взгляда понятно, что тут мощьная система электронного\nдокументооборота.\n', 2),(17, 'Реактор', 0, 988, 988, 988, 988, '\nВентиляции и окон нет. Труп Техник 1 с огнестрельным ранением.\nПереключатель реактора. Система фильтров вентиляции(с Техника 2 ).\n', 2),(18, 'Отгрузка', 0, 1208, 1208, 1208, 1208, '\nВентиляции и окон нет, но есть выход наружу. Бензиновый грузовик\nс полным баком и малой поломкой(Механика/Вождение). Кровь 2- и труп Охранник 2\nс раной от укуса.\n', 2),(19, 'Мед. Отсек', 0, 698, 698, 698, 698, '\nКровь 2- Охранник 2. Остались только пустые склянки спирта,\nстекловата и пластыри "для пальцев левой ноги".\n', 2),(20, 'Склад', 0, 188, 188, 188, 188, '\nРобот дает пройти только пропускам Техников.\nТрупы Охранник 3 и Техник 2. Куча провизии, в основном сладкое. Есть дизельный генератор,\nс его помощью можно зарядить батарейки. Есть экзосеклет позволяющий легко носить большие предметы (Механика/Техника/Извлечение данных чтоб настроить его на +2 урон в ближнем бою).\n', 2),(21, 'Подземная серверная', 0, 0, 0, 0, 0, '\nСюда можно попасть, только продыврявив пол в Душевых. Тут можете найти\nкомнату управления(если есть админ), там посмотреть\nвсе отчеты о перемещениях и пульсе (включая отчет о смерти Менеджер 2).\n', 2),(22, 'Основной зал', 0, 220, 220, 220, 220, '\nБольшой зал заполненный людьми. Вся стена исписана правилами работы аэропорта, поправками к правилам, поправками к поправкам.\nОгромная очередь на стойку регистрации. Среди кучи людей выделяется группа вооруженных людей в разной форме, с разным вооружением, \nкоторые сидят отсраненно. Есть механик, который чинит рекламный стэнд (1 час) в течении первых 2 часов.\n', 1),(23, 'Туалет', 0, 180, 180, 180, 180, '\nЗдесь достаточно чисто, на стенах нет никаких надписей, только график уборки туалетов(каждый час).\n', 1),(24, 'Мед. кабинет', 0, 180, 180, 180, 180, '\nЕсли нет причины тут находиться, то выгонят.\nВ компе мед кабинета можно порыться с Извлечение данных и узнать где шатл в расписании экстренной помощи.\n', 1),(25, 'Раздевалка', 0, 180, 180, 180, 180, '\nКуча шкафчиков для одежды с разной специализацией(Уборщик, механик, медик, рабочий, грузчик).\n', 1),(26, 'Пропускной пункт', 0, 220, 220, 220, 220, '\nЧеловек 10 полицейских, металодетекторы и сканеры есть, но запрещено проносить только свою еду и алкоголь.\n', 1),(27, 'Склад багажа', 0, 60, 60, 60, 60, '\nЛента багажа и туда-сюда снуют люди. Добраться до выхода незамеченным - сложная задача.\nПравильная одежда дает +2, а просто спец одежда +1. Порядок: багаж, лента, выход.\n', 1),(28, 'Суд', 0, 370, 370, 370, 370, '\nСуд с присяжными, это пенсионеры за 200, которые пришли сюда за купоном от партнера аэропорта на скидку для замены травоядной челюсти.\n', 1) ;
INSERT INTO PlayerAction (id, description, needSkillIdsConditionsJson, changeMarkId, getGameItemId, needGameItemIdsJson) VALUES (1, 'Идти отсюда/сюда. Тащиться от оврага в скафандре то еще упражнение, осбоенно со снарежением.', '[[30, 4]]', NULL, NULL, NULL),(2, 'Из записей можно понять (Анализ текста/Извлечение данных), что Кухня 2 была закрыта месяц назад, тогда же начали делать 11 порций вместо 12.', '[1, 10]', NULL, NULL, NULL),(3, 'Можно за час разобрать робот пылесос, внутри которого можно найти кровь 2- Охранник 2 и гильзы.', '[39]', NULL, NULL, NULL),(4, 'Сохранять следующие записи на комп.', '[12, 10]', NULL, NULL, NULL),(5, 'С админским достпуом можно заупстить реактор.', NULL, 2, NULL, NULL),(6, 'С админским достпуом можно заупстить реактор.', '[[12, 4]]', 3, NULL, NULL),(7, '2ого апреля можно получить админский доступ с талоном. 4 часа.', NULL, 3, NULL, '[16]'),(8, 'Открыт неоплачиваемый отпуск для Повар 1.', '[32]', 3, NULL, NULL),(9, 'Составлялся отчет о смерти Бухгалтера 2, который умер.', '[32]', 3, NULL, NULL),(10, 'Можно заупстить реактор.', NULL, 2, NULL, NULL),(11, 'Можно распылить яд, но все члены команды должны быть в скафандрах.', '[39]', NULL, NULL, NULL),(12, 'Починить грузовик. 3 часа.', '[39, 31]', NULL, NULL, NULL),(13, 'За майинг здесь большая выгода, но выключится резервное питание. При отсутсвии обоих питаний воздуха хватит на 30 минут. Жуки почувствуют это первыми, а игроки через 10 мин.', '[12]', NULL, NULL, NULL),(14, 'Стоять в очереди 5 часов.', NULL, 1, NULL, NULL),(15, 'Взгялнув на очередь и на бумаги, понятно, что надо сразу идти судиться.', '[32]', NULL, NULL, NULL),(16, 'прочтить правила пользования (1 час) и понять какие права нарушаются.', '[32, 2, 1, 28]', NULL, NULL, NULL),(17, 'техник, который чинит рекламный щит(средний доход). Можно помочь ему в починке, но надо доказать, что ты сотрудник. Можно хакнуть и крутить рекламу(Криптография). Если помогать, то он будет постоянно говорить про перекур и как он хочет курить. Если помочь, то он может провести в курилку.', '[39]', NULL, NULL, NULL),(18, 'Есть толпа военных налегке к ним можно прибиться, если есть оружие. Послушав их разговоры, можно понять, что их понабрали по объявлениям. Вместе с ними можно пройти на площадку (2 часа). Но потом надо как-то отделиться от группы (Знание языков/Лесть/Бюрократия) или причина.', NULL, NULL, NULL, NULL),(19, 'В тулаете срет в первый час работник аэропорта, у него можно украсть штаны(из штанов) пропуск.', '[34]', NULL, NULL, NULL),(20, 'Можно понять, что одна из стен, картонная. Но каждый час ходит уборщица, которая донесет полиции про дырку.', '[15, 7, 48, 47]', NULL, NULL, NULL),(21, 'В компе мед кабинета можно порыться и узнать где шатл в расписании экстренной помощи.', '[10]', 1, NULL, NULL),(22, 'Из шкафчиков можно достать пропуска.', '[34, 12, 47]', NULL, NULL, NULL),(23, 'Договориться с полицией на проход, но нужна очень хорошая причина.', '[42]', 1, NULL, NULL),(24, 'Добраться до багажа. Иначе встреча с начальником смены (механик).', '[[47, 5]]', 1, NULL, NULL),(25, 'Перебраться через ленту. Иначе встреча с группой рабочих ленты (рабочий).', '[[47, 5]]', NULL, NULL, NULL),(26, 'Добраться до выхода. Иначе встреча с надсмоторщиком над грузчиками (грузчик).', '[[47, 5]]', 1, NULL, NULL),(27, 'Суд (2 часа) 2 этапа: сформировать претензию, защить ее(Лесть/Притворсто/Ведение переговоров/...). Знаете где шатл.', '[40, 44, 38]', 1, NULL, NULL),(28, 'Слинять из строя', '[13]', NULL, NULL, NULL) ;
INSERT INTO GameCondition (id, markConditionJson, locationId, playerActionId, npcId, travelToLocationId, text) VALUES (1, NULL, 2, 1, NULL, NULL, NULL),(2, NULL, 6, 2, NULL, NULL, NULL),(3, NULL, 10, 3, NULL, NULL, NULL),(4, NULL, 14, 4, NULL, NULL, NULL),(5, '[3]', 15, 5, NULL, NULL, NULL),(6, NULL, 15, 6, NULL, NULL, NULL),(7, NULL, 16, 7, NULL, NULL, NULL),(8, NULL, 16, 8, NULL, NULL, NULL),(9, NULL, 16, 9, NULL, NULL, NULL),(10, NULL, 17, 10, NULL, NULL, NULL),(11, NULL, 17, 11, NULL, NULL, NULL),(12, NULL, 18, 12, NULL, NULL, NULL),(13, NULL, 21, 13, NULL, NULL, NULL),(14, NULL, 22, 14, NULL, NULL, NULL),(15, NULL, 22, 15, NULL, NULL, NULL),(16, NULL, 22, 16, NULL, NULL, NULL),(17, NULL, 22, 17, NULL, NULL, NULL),(18, NULL, 22, 18, NULL, NULL, NULL),(19, NULL, 23, 19, NULL, NULL, NULL),(20, NULL, 23, 20, NULL, NULL, NULL),(21, NULL, 24, 21, NULL, NULL, NULL),(22, NULL, 25, 22, NULL, NULL, NULL),(23, NULL, 26, 23, NULL, NULL, NULL),(24, NULL, 27, 24, NULL, NULL, NULL),(25, NULL, 27, 25, NULL, NULL, NULL),(26, NULL, 27, 26, NULL, NULL, NULL),(27, NULL, 28, 27, NULL, NULL, NULL),(28, NULL, NULL, 28, 1, NULL, NULL),(29, NULL, 22, NULL, 1, NULL, 'Стоит и кричит на солдата из-за того, что тот решил открыть консерву пистолетом.') ;
INSERT INTO WhereObject (id, gameItemId, npcId, locationId) VALUES (1, 2, NULL, 1),(2, 5, NULL, 4),(3, 6, NULL, 4),(4, 8, NULL, 11),(5, 10, NULL, 12),(6, 17, NULL, 13),(7, 19, NULL, 13),(8, 18, NULL, 13),(9, 20, NULL, 13),(10, 11, NULL, 13),(11, 12, NULL, 13),(12, 3, NULL, 13),(13, 13, NULL, 14),(14, 14, NULL, 15),(15, 16, NULL, 16),(16, 15, NULL, 18),(17, 7, NULL, 4),(18, 21, NULL, 20),(19, 4, NULL, 24),(20, 22, NULL, 27),(21, 1, NULL, 27),(22, 9, NULL, 27) ;